0x807110,Name,Description,ID,Default Class Promoted From/To,Standing Map Anims,Move Speed,Generic Mug,N/A,HP,Atk,Skl,Spd,Def,Res,Con,Mov,HP Cap,Atk Cap,Skl Cap,Spd Cap,Def Cap,Res Cap,Con Cap,Lck,HP Growth,Atk Growth,Skl Growth,Spd Growth,Def Growth,Res Growth,Luck Growth,HP Promo Gain,Atk Promo Gain,Skl Promo Gain,Spd Promo Gain,Def Promo Gain,Res Promo Gain,CharClassAbility,Sword,Lance,Axe,Bow,Staff,Anima,Light,Dark,Battle Anims,Move Costs,Rain Move Costs,Snow Move Costs,Avo Bonus,Def Bonus,Res Bonus,Class Type
None,0x0,0x0,0x0,0x0,0x0,0x0,0x0,0x0,0,0,0,0,0,0,0,0,0,0,0,0,0,0,0,0,0,0,0,0,0,37,0,37,0,0,65,0,0,0x1000002,NoRank,NoRank,NoRank,NoRank,NoRank,NoRank,NoRank,NoRank,0x1f,0x0,0x231e143c,0x190f0f,0x0,0x0,0x0,0x0
Ephraim Lord,0x2bf,0x309,0x1,0x3,0x0,0x0,0x8b,0x1,18,6,6,7,6,0,8,5,60,20,20,20,20,20,20,4,90,45,40,45,15,15,40,0,0,0,0,0,0,UnlockEphraim|IsLord,NoRank,DRank,NoRank,NoRank,NoRank,NoRank,NoRank,NoRank,0x88aefd8,0x880b808,0x880bc59,0x880c069,GroundAvoid,GroundDefence,GroundResistance,0x0
Lord,0x2bf,0x30a,0x2,0x4,LordLanceStandID,0x0,0x8b,0x1,20,4,8,8,2,2,7,6,60,20,20,20,15,15,20,4,0,0,0,0,0,0,0,0,0,0,0,0,0,IsLord|UnlockEirika,NoRank,ERank,NoRank,NoRank,NoRank,NoRank,NoRank,NoRank,LordAnims|IsPointer,0x880b808,0x880bc59,0x880c069,GroundAvoid,GroundDefence,GroundResistance,0x0
Ephraim Master Lord,0x2c0,0x30b,0x3,0x1,0x2,0x0,0x8b,0x2,18,3,3,4,5,0,10,7,60,27,26,24,23,23,25,6,90,45,40,45,15,15,40,4,2,3,2,2,5,IsPromoted|UnlockEphraim|IsLord|MountedAid|HasCanto|HorseIcon,NoRank,CRank,NoRank,NoRank,NoRank,NoRank,NoRank,NoRank,0x88aeff0,0x880bad3,0x880bf24,0x880c334,GroundAvoid,GroundDefence,GroundResistance,HorseType
Eirika Master Lord,0x2c0,0x30c,0x4,0x2,0x3,0x0,0x8b,0x2,18,3,3,4,5,0,7,7,60,24,29,30,22,25,25,6,90,45,40,45,15,20,40,4,2,2,1,3,5,IsPromoted|UnlockEirika|IsLord|MountedAid|HasCanto|HorseIcon|SwordmasterUnlock,CRank,NoRank,NoRank,NoRank,NoRank,NoRank,NoRank,NoRank,0x88aeffc,0x880bad3,0x880bf24,0x880c334,GroundAvoid,GroundDefence,GroundResistance,HorseType
Cavalier,0x2c1,0x30d,0x5,0x7,0x4,0x0,0x80,0x20,23,6,7,6,5,0,10,8,60,20,20,20,15,15,20,4,75,40,50,45,35,15,40,0,0,0,0,0,0,MountedAid|HasCanto|HorseIcon,ERank,ERank,NoRank,NoRank,NoRank,NoRank,NoRank,NoRank,0x88af008,0x880ba92,0x880bee3,0x880c2f3,GroundAvoid,GroundDefence,GroundResistance,HorseType
Cavalier (F),0x2c1,0x30d,0x6,0x8,0x4,0x0,0x80,0x20,24,7,6,6,4,0,10,8,60,20,20,20,15,15,20,4,75,45,40,40,35,20,30,0,0,0,0,0,0,MountedAid|HasCanto|HorseIcon,NoRank,DRank,NoRank,NoRank,NoRank,NoRank,NoRank,NoRank,0x88af018,0x880ba92,0x880bee3,0x880c2f3,GroundAvoid,GroundDefence,GroundResistance,HorseType
Paladin,0x2c2,0x30e,0x7,0x5,0x5,0x0,0x81,0x21,23,7,4,7,8,3,11,8,60,25,26,24,25,25,25,6,70,25,30,18,12,20,25,2,1,1,1,2,1,MountedAid|HasCanto|HorseIcon|IsPromoted,DRank,DRank,NoRank,NoRank,NoRank,NoRank,NoRank,NoRank,0x88af028,0x880bad3,0x880bf24,0x880c334,GroundAvoid,GroundDefence,GroundResistance,HorseType
Paladin (F),0x2c2,0x30e,0x8,0x6,0x5,0x0,0x81,0x21,23,6,6,11,7,6,9,8,60,23,27,25,24,26,25,6,70,25,35,25,12,25,25,1,1,1,2,1,2,MountedAid|HasCanto|HorseIcon|IsPromoted,DRank,DRank,NoRank,NoRank,NoRank,NoRank,NoRank,NoRank,0x88af038,0x880bad3,0x880bf24,0x880c334,GroundAvoid,GroundDefence,GroundResistance,HorseType
Knight (A),0x2c3,KnightDesc,0x9,0xb,KnightLanceStandID,0x1,0x76,0xc,28,9,4,2,11,3,14,5,60,20,20,15,25,15,20,4,95,55,35,20,60,20,40,0,0,0,0,0,0,0x0,ERank,ERank,NoRank,NoRank,NoRank,NoRank,NoRank,NoRank,KnightAnims|IsPointer,0x880b88a,0x880bcdb,0x880c0eb,GroundAvoid,GroundDefence,GroundResistance,ArmourType
Knight (B),0x2c3,KnightDesc,0xa,0xb,0x6,0x1,0x76,0xc,28,9,4,2,11,3,14,5,60,20,20,15,25,15,20,4,95,55,35,20,60,20,40,0,0,0,0,0,0,0x0,ERank,NoRank,ERank,NoRank,NoRank,NoRank,NoRank,NoRank,KnightAnims|IsPointer,0x880b88a,0x880bcdb,0x880c0eb,GroundAvoid,GroundDefence,GroundResistance,ArmourType
General,GeneralName,0x310,0xb,0x9,0x7,0x1,0x77,0xd,33,10,7,6,13,5,15,6,60,30,30,25,35,25,25,6,95,55,35,20,60,20,40,5,2,3,4,2,2,IsPromoted,DRankPlus,DRankPlus,DRankPlus,NoRank,NoRank,NoRank,NoRank,NoRank,0x88af060,0x880b88a,0x880bcdb,0x880c0eb,GroundAvoid,GroundDefence,GroundResistance,ArmourType
General (F),GeneralName,0x310,0xc,0xa,0x7,0x1,0x77,0xd,20,8,5,5,11,4,11,5,60,27,28,25,29,26,25,6,75,30,25,10,23,25,20,3,2,3,2,3,3,IsPromoted,ERank,CRank,ERank,NoRank,NoRank,NoRank,NoRank,NoRank,0x88af080,0x880b88a,0x880bcdb,0x880c0eb,GroundAvoid,GroundDefence,GroundResistance,ArmourType
Thief,0x2c5,0x311,0xd,0x17,0x8,0x0,0x8e,0x7,18,2,8,7,0,0,6,7,60,15,20,20,15,15,15,4,60,25,70,65,20,10,40,0,0,0,0,0,0,CanUseLockpick,ERank,NoRank,NoRank,NoRank,NoRank,NoRank,NoRank,NoRank,0x88af0a0,0x880b9cf,0x880be20,0x880c230,GroundAvoid,GroundDefence,GroundResistance,0x0
Thief (F),0x2c5,0x311,0xe,0x17,0x9,0x0,0x8f,0x1f,20,3,9,8,0,0,7,7,60,15,20,20,15,15,15,4,60,25,60,65,15,10,30,0,0,0,0,0,0,CanUseLockpick,ERank,NoRank,NoRank,NoRank,NoRank,NoRank,NoRank,NoRank,0x88af0ac,0x880b9cf,0x880be20,0x880c230,GroundAvoid,GroundDefence,GroundResistance,0x0
Mercenary,MercenaryName,0x312,0xf,0x11,0xa,0x0,0x90,0x3,24,7,5,6,3,0,11,6,60,20,20,20,15,15,20,4,80,50,40,45,30,10,40,0,0,0,0,0,0,0x0,ERank,NoRank,NoRank,NoRank,NoRank,NoRank,NoRank,NoRank,0x88af0b8,0x880b849,0x880bc9a,0x880c0aa,GroundAvoid,GroundDefence,GroundResistance,0x0
Mercenary (F),MercenaryName,0x312,0x10,0x12,0xb,0x0,0x90,0x3,23,6,9,8,3,0,9,6,60,20,20,20,15,15,20,4,75,40,55,50,25,10,40,0,0,0,0,0,0,0x0,ERank,NoRank,NoRank,NoRank,NoRank,NoRank,NoRank,NoRank,0x88af0c4,0x880b849,0x880bc9a,0x880c0aa,GroundAvoid,GroundDefence,GroundResistance,0x0
Hero,HeroName,0x313,0x11,0xf,0xc,0x0,0x91,0x4,22,6,9,10,5,2,11,6,60,25,30,26,25,22,25,6,75,30,30,20,20,20,25,4,1,2,2,2,2,IsPromoted,CRank,NoRank,DRank,NoRank,NoRank,NoRank,NoRank,NoRank,0x88af0d0,0x880b808,0x880bc59,0x880c069,GroundAvoid,GroundDefence,GroundResistance,0x0
Hero (F),HeroName,0x313,0x12,0x10,0xd,0x0,0x91,0x4,22,6,10,11,6,3,9,6,60,24,30,26,24,24,25,6,75,30,30,20,20,20,25,0,0,0,0,0,0,IsPromoted,CRank,NoRank,DRank,NoRank,NoRank,NoRank,NoRank,NoRank,0x88af0ec,0x880b808,0x880bc59,0x880c069,GroundAvoid,GroundDefence,GroundResistance,0x0
Myrmidon,MyrmidonName,0x314,0x13,0x15,0xe,0x0,0x72,0x5,20,4,9,9,2,0,7,6,60,20,20,20,15,15,20,4,65,35,55,60,25,15,40,0,0,0,0,0,0,0x0,ERank,NoRank,NoRank,NoRank,NoRank,NoRank,NoRank,NoRank,0x88af108,0x880b849,0x880bc9a,0x880c0aa,GroundAvoid,GroundDefence,GroundResistance,0x0
Myrmidon (F),MyrmidonName,0x314,0x14,0x16,0xf,0x0,0x72,0x5,22,5,9,10,2,0,8,6,60,20,20,20,15,15,20,4,70,35,60,60,25,20,30,0,0,0,0,0,0,0x0,ERank,NoRank,NoRank,NoRank,NoRank,NoRank,NoRank,NoRank,0x88af114,0x880b849,0x880bc9a,0x880c0aa,GroundAvoid,GroundDefence,GroundResistance,0x0
Swordmaster,0x2c9,0x315,0x15,0x13,0x10,0x0,0x73,0x6,21,6,11,10,5,2,9,6,60,24,29,30,22,23,20,6,65,25,30,30,15,22,25,5,2,0,0,2,1,IsPromoted|CritBoost,CRank,NoRank,NoRank,NoRank,NoRank,NoRank,NoRank,NoRank,0x88af120,0x880b808,0x880bc59,0x880c069,GroundAvoid,GroundDefence,GroundResistance,0x0
Swordmaster (F),0x2c9,0x315,0x16,0x14,0x11,0x0,0x73,0x6,19,6,11,12,4,3,7,6,60,22,29,30,22,25,20,6,65,25,30,30,15,22,25,4,2,1,0,2,1,IsPromoted|CritBoost,CRank,NoRank,NoRank,NoRank,NoRank,NoRank,NoRank,NoRank,0x88af12c,0x880b808,0x880bc59,0x880c069,GroundAvoid,GroundDefence,GroundResistance,0x0
Assassin,0x2ca,0x316,0x17,0xd,0x12,0x0,0x8e,0x8,16,3,1,9,2,0,8,6,60,20,30,30,20,20,20,6,50,5,45,40,5,20,40,3,1,0,0,2,2,CanUseLockpick|IsPromoted|SwordmasterUnlock,DRank,NoRank,NoRank,NoRank,NoRank,NoRank,NoRank,NoRank,0x88af138,0x880b9cf,0x880be20,0x880c230,GroundAvoid,GroundDefence,GroundResistance,0x0
Assassin (F),0x2ca,0x316,0x18,0xd,0x13,0x0,0x8e,0x8,16,3,1,9,2,0,6,6,60,20,30,30,20,20,20,6,50,5,45,40,5,20,40,2,1,1,1,2,1,CanUseLockpick|IsPromoted|SwordmasterUnlock,DRank,NoRank,NoRank,NoRank,NoRank,NoRank,NoRank,NoRank,0x88af144,0x880b9cf,0x880be20,0x880c230,GroundAvoid,GroundDefence,GroundResistance,0x0
Archer,ArcherName,0x317,0x19,0x1b,0x14,0x0,0x78,0xa,21,4,9,8,1,0,8,6,60,20,20,20,15,15,20,4,70,40,60,50,25,10,40,0,0,0,0,0,0,UseBallista,NoRank,NoRank,NoRank,ERank,NoRank,NoRank,NoRank,NoRank,0x88af150,0x880b849,0x880bc9a,0x880c0aa,GroundAvoid,GroundDefence,GroundResistance,0x0
Archer (F),ArcherName,0x317,0x1a,0x1c,0x15,0x0,0x78,0xa,21,6,9,7,1,0,8,6,60,20,20,20,20,20,20,4,70,35,40,32,15,15,35,0,0,0,0,0,0,UseBallista,NoRank,NoRank,NoRank,ERank,NoRank,NoRank,NoRank,NoRank,0x88af168,0x880b849,0x880bc9a,0x880c0aa,GroundAvoid,GroundDefence,GroundResistance,0x0
Sniper,0x2cc,0x318,0x1b,0x19,0x16,0x0,0x79,0xb,25,8,11,10,5,2,9,7,60,20,20,20,20,20,20,6,70,35,40,32,15,20,35,3,3,2,2,2,0,IsPromoted|UseBallista,NoRank,NoRank,NoRank,CRank,NoRank,NoRank,NoRank,NoRank,0x88af180,0x880b808,0x880bc59,0x880c069,GroundAvoid,GroundDefence,GroundResistance,0x0
Sniper (F),0x2cc,0x318,0x1c,0x1a,0x17,0x0,0x79,0xb,19,6,6,7,5,3,6,6,60,30,30,30,25,25,20,6,70,35,40,32,15,15,35,3,3,2,2,2,2,IsPromoted|UseBallista,NoRank,NoRank,NoRank,CRank,NoRank,NoRank,NoRank,NoRank,0x88af198,0x880b808,0x880bc59,0x880c069,GroundAvoid,GroundDefence,GroundResistance,0x0
Ranger,0x2cd,0x319,0x1d,0x19,0x18,0x0,0x97,0xc,21,7,6,7,6,3,9,7,60,25,28,30,24,23,25,6,60,25,30,35,15,15,25,3,2,1,1,3,3,HorseIcon|IsPromoted|MountedAid|HasCanto,DRank,NoRank,NoRank,DRank,NoRank,NoRank,NoRank,NoRank,0x88af1b0,0x880bb55,0x880bfa6,0x880c3b6,GroundAvoid,GroundDefence,GroundResistance,HorseType
Ranger (F),0x2cd,0x319,0x1e,0x1a,0x18,0x0,0x97,0xc,0,0,0,0,0,0,0,0,60,23,28,30,22,25,25,6,60,25,30,35,15,20,25,2,2,2,1,3,3,HorseIcon|IsPromoted|MountedAid|HasCanto,DRank,NoRank,NoRank,DRank,NoRank,NoRank,NoRank,NoRank,0x88af1c0,0x880bb55,0x880bfa6,0x880c3b6,GroundAvoid,GroundDefence,GroundResistance,HorseType
Wyvern Rider,WyvernRiderName,0x31a,0x1f,0x21,0x19,0x0,0x88,0xd,24,7,6,5,7,0,11,7,60,20,20,20,20,15,20,4,80,45,40,45,45,5,40,0,0,0,0,0,0,MountedAid|HasCanto|DragonIcon,NoRank,ERank,NoRank,NoRank,NoRank,NoRank,NoRank,NoRank,0x88af1d0,0x880bb96,0x880bfe7,0x880c3f7,FlierAvoid,FlierDefence,FlierResistance,DragonType|FlierType
Pegasus Knight (M),PegasusKnightName,0x31a,0x20,0x22,0x1a,0x0,0x88,0xd,19,4,7,9,1,6,7,8,60,20,20,20,15,15,20,4,65,30,45,55,25,35,40,0,0,0,0,0,0,MountedAid|HasCanto|PegIcon,NoRank,ERank,NoRank,NoRank,NoRank,NoRank,NoRank,NoRank,0x88af4dc,0x880bb96,0x880bfe7,0x880c3f7,FlierAvoid,FlierDefence,FlierResistance,FlierType
Wyvern Lord,0x2cf,0x31b,0x21,0x1f,0x1b,0x0,0x89,0xe,25,9,5,7,10,1,11,8,60,27,25,23,28,22,25,6,75,40,30,20,20,17,20,4,2,2,0,2,0,MountedAid|HasCanto|DragonIcon|IsPromoted,DRank,CRank,NoRank,NoRank,NoRank,NoRank,NoRank,NoRank,0x88af1e8,0x880bb96,0x880bfe7,0x880c3f7,FlierAvoid,FlierDefence,FlierResistance,DragonType|FlierType
Falcon Knight (M),0x2cf,0x31b,0x22,0x20,0x1c,0x0,0x89,0xe,24,8,7,7,9,2,10,8,60,30,30,30,30,30,30,6,75,40,30,20,20,17,20,0,0,0,0,0,0,MountedAid|HasCanto|DragonIcon|IsPromoted,DRank,CRank,NoRank,NoRank,NoRank,NoRank,NoRank,NoRank,0x88af1f8,0x880bb96,0x880bfe7,0x880c3f7,FlierAvoid,FlierDefence,FlierResistance,FlierType
Wyvern Knight,0x2d0,0x31c,0x23,0x1f,0x1d,0x0,0x93,0xf,20,7,7,8,7,1,10,8,60,25,26,28,24,22,25,6,65,35,30,30,15,17,25,3,1,2,3,0,1,MountedAid|HasCanto|DragonIcon|IsPromoted,NoRank,CRank,NoRank,NoRank,NoRank,NoRank,NoRank,NoRank,0x88af208,0x880bb96,0x880bfe7,0x880c3f7,FlierAvoid,FlierDefence,FlierResistance,DragonType|FlierType
Wyvern Knight (F),0x2d0,0x31c,0x24,0x20,0x1d,0x0,0x93,0xf,19,6,8,9,6,2,9,8,60,24,27,29,23,23,25,6,65,35,30,30,15,20,25,3,2,1,2,1,1,MountedAid|HasCanto|DragonIcon|IsPromoted,NoRank,CRank,NoRank,NoRank,NoRank,NoRank,NoRank,NoRank,0x88af214,0x880bb96,0x880bfe7,0x880c3f7,FlierAvoid,FlierDefence,FlierResistance,DragonType|FlierType
Mage,MageName,0x31d,0x25,0x27,0x1e,0x0,0x7c,0x12,19,0,8,8,0,4,7,6,60,15,20,20,15,20,15,4,60,10,55,50,15,30,40,0,0,0,0,0,0,0x0,NoRank,NoRank,NoRank,NoRank,NoRank,ERank,NoRank,NoRank,0x88af220,0x880ba10,0x880be61,0x880c271,GroundAvoid,GroundDefence,GroundResistance,0x0
Mage (F),MageName,0x31d,0x26,0x28,0x1f,0x0,0x7c,0x12,19,0,8,8,0,4,7,6,60,15,20,20,15,20,15,4,60,10,55,50,15,30,40,0,0,0,0,0,0,0x0,NoRank,NoRank,NoRank,NoRank,NoRank,ERank,NoRank,NoRank,0x88af234,0x880ba10,0x880be61,0x880c271,GroundAvoid,GroundDefence,GroundResistance,0x0
Sage,SageName,0x31e,0x27,0x25,0x20,0x0,0x7d,0x13,22,1,10,11,3,7,8,7,60,20,30,30,25,30,20,6,60,10,55,50,15,30,40,3,1,2,2,3,3,IsPromoted,NoRank,NoRank,NoRank,NoRank,DRank,DRank,NoRank,NoRank,0x88af248,0x880ba10,0x880be61,0x880c271,GroundAvoid,GroundDefence,GroundResistance,0x0
Sage (F),SageName,0x31e,0x28,0x26,0x21,0x0,0x7d,0x13,22,1,10,11,3,7,8,7,60,20,30,30,25,30,20,6,60,10,55,50,15,30,40,3,1,2,2,3,3,IsPromoted,NoRank,NoRank,NoRank,NoRank,DRank,DRank,NoRank,NoRank,0x88af260,0x880ba10,0x880be61,0x880c271,GroundAvoid,GroundDefence,GroundResistance,0x0
Mage Knight,0x2d3,0x31f,0x29,0x25,0x22,0x0,0x95,0x14,20,4,3,5,5,5,8,7,60,24,26,25,24,25,25,6,45,40,30,40,10,40,30,4,2,0,0,2,2,HorseIcon|IsPromoted|MountedAid|HasCanto,NoRank,NoRank,NoRank,NoRank,DRank,CRank,NoRank,NoRank,0x88af278,0x880bad3,0x880bf24,0x880c334,GroundAvoid,GroundDefence,GroundResistance,HorseType
Mage Knight (F),0x2d3,0x31f,0x2a,0x26,0x23,0x0,0x95,0x14,19,3,5,6,3,6,6,7,60,25,24,25,24,28,25,6,45,40,30,40,10,40,40,3,2,1,0,2,2,HorseIcon|IsPromoted|MountedAid|HasCanto,NoRank,NoRank,NoRank,NoRank,DRank,CRank,NoRank,NoRank,0x88af290,0x880bad3,0x880bf24,0x880c334,GroundAvoid,GroundDefence,GroundResistance,HorseType
Bishop,0x2d4,0x320,0x2b,0x45,0x24,0x0,0x7b,0x18,21,4,4,4,3,8,7,6,60,25,26,24,22,30,20,6,45,35,25,22,8,40,40,3,2,1,0,3,2,IsPromoted,NoRank,NoRank,NoRank,NoRank,CRank,NoRank,DRank,NoRank,0x88af2a8,0x880ba10,0x880be61,0x880c271,GroundAvoid,GroundDefence,GroundResistance,0x0
Bishop (F),0x2d4,0x320,0x2c,0x4a,0x25,0x0,0x7b,0x18,19,4,5,4,2,9,5,6,60,25,25,26,21,30,20,6,45,35,25,22,8,50,40,3,1,2,1,2,2,IsPromoted,NoRank,NoRank,NoRank,NoRank,CRank,NoRank,DRank,NoRank,0x88af2c0,0x880ba10,0x880be61,0x880c271,GroundAvoid,GroundDefence,GroundResistance,0x0
Scholar,ScholarName,ScholarDesc,0x2d,0x2f,0x26,0x0,0x7e,0x1b,21,0,6,5,1,6,8,6,60,15,20,20,15,20,20,4,60,10,40,35,20,40,40,0,0,0,0,0,0,0x0,NoRank,NoRank,NoRank,NoRank,NoRank,ERank,NoRank,NoRank,0x88af2d8,0x880ba10,0x880be61,0x880c271,GroundAvoid,GroundDefence,GroundResistance,0x0
Scholar (F),ScholarName,ScholarDesc,0x2e,0x30,0x26,0x0,0x7e,0x1b,21,0,6,5,1,6,8,6,60,15,20,20,15,20,20,4,60,10,40,35,20,40,40,0,0,0,0,0,0,0x0,NoRank,NoRank,NoRank,NoRank,NoRank,ERank,NoRank,NoRank,0x88af2ec,0x880ba10,0x880be61,0x880c271,GroundAvoid,GroundDefence,GroundResistance,0x0
Sorcerer,SorcererName,SorcererDesc,0x2f,0x2d,0x27,0x0,0x7f,0x1c,25,1,8,8,4,8,9,7,60,30,30,30,30,30,30,6,60,10,40,35,20,40,40,4,1,2,3,2,2,IsPromoted,NoRank,NoRank,NoRank,NoRank,DRank,DRank,NoRank,NoRank,0x88af300,0x880ba10,0x880be61,0x880c271,GroundAvoid,GroundDefence,GroundResistance,0x0
Sorcerer (F),SorcererName,SorcererDesc,0x30,0x2e,0x27,0x0,0x7f,0x1c,25,1,8,8,4,8,9,7,60,29,26,26,21,28,20,6,60,10,40,35,20,40,40,4,1,2,3,2,2,IsPromoted,NoRank,NoRank,NoRank,NoRank,DRank,DRank,NoRank,NoRank,0x88af318,0x880ba10,0x880be61,0x880c271,GroundAvoid,GroundDefence,GroundResistance,0x0
Summoner,0x2e3,0x32e,0x31,0x2d,0x28,0x0,0x7f,0x1d,18,5,3,4,3,5,8,6,60,27,27,26,20,28,20,6,45,50,30,25,8,35,20,3,0,1,3,1,3,Summoning|IsPromoted,NoRank,NoRank,NoRank,NoRank,ERank,NoRank,NoRank,CRank,0x88af330,0x880ba10,0x880be61,0x880c271,GroundAvoid,GroundDefence,GroundResistance,0x0
Summoner (F),0x2e3,0x32e,0x32,0x2e,0x28,0x0,0x7f,0x1d,18,5,3,4,3,5,4,6,60,27,27,26,20,28,20,6,45,50,30,25,8,35,20,0,0,0,0,0,0,Summoning|IsPromoted,NoRank,NoRank,NoRank,NoRank,ERank,NoRank,NoRank,CRank,0x88af348,0x880ba10,0x880be61,0x880c271,GroundAvoid,GroundDefence,GroundResistance,0x0
Rogue,0x2db,0x326,0x33,0xd,0x29,0x0,0x94,0x9,16,3,1,9,2,0,7,6,60,20,30,30,20,20,20,6,50,10,45,35,5,20,40,2,1,1,0,2,2,IsPromoted|CanUseLockpick|Steal,ERank,NoRank,NoRank,NoRank,NoRank,NoRank,NoRank,NoRank,0x88af360,0x880b9cf,0x880be20,0x880c230,GroundAvoid,GroundDefence,GroundResistance,SwordType
Gorgon Egg,0x300,0x34c,0x34,0x0,0x2a,0x0,0xa6,0x0,50,0,0,0,10,10,6,0,60,30,30,30,30,30,30,3,100,0,0,0,0,0,0,0,0,0,0,0,0,0x0,NoRank,NoRank,NoRank,NoRank,NoRank,NoRank,NoRank,NoRank,0x0,0x0,0x0,0x0,GroundAvoid,GroundDefence,GroundResistance,MonsterType
Gendarme,GendarmeName,GendarmeDesc,0x35,0x9,0x2b,0x1,0x96,0x22,31,9,7,6,11,4,14,8,80,30,30,25,35,25,25,6,85,50,35,30,55,20,40,3,1,3,4,0,1,HorseIcon|IsPromoted|MountedAid|HasCanto,DRank,DRank,DRank,NoRank,NoRank,NoRank,NoRank,NoRank,0x88af36c,0x880bad3,0x880bf24,0x880c334,GroundAvoid,GroundDefence,GroundResistance,HorseType|ArmourType
Great Knight (F),0x2e0,0x32b,0x36,0xa,0x2b,0x1,0x96,0x22,20,6,6,7,9,3,10,6,60,26,26,25,28,26,25,3,70,30,25,20,21,22,20,3,1,1,2,2,2,HorseIcon|IsPromoted|MountedAid|HasCanto,ERank,DRank,DRank,NoRank,NoRank,NoRank,NoRank,NoRank,0x88af38c,0x880bad3,0x880bf24,0x880c334,GroundAvoid,GroundDefence,GroundResistance,HorseType
Recruit (2),0x2da,0x332,0x37,0x3a,0x2c,0x0,0x8a,0x28,18,5,3,3,6,0,6,5,60,20,20,20,20,20,20,3,75,45,40,40,25,35,40,2,1,1,1,2,1,0x0,NoRank,DRank,NoRank,NoRank,NoRank,NoRank,NoRank,NoRank,0x88af3ac,0x880b849,0x880bc9a,0x880c0aa,GroundAvoid,GroundDefence,GroundResistance,0x0
Journeyman (3),0x2d8,0x324,0x38,0x7e,0x2d,0x0,0x74,0x27,28,8,5,6,5,0,8,6,60,26,29,28,23,23,20,3,85,55,40,32,18,20,40,4,1,2,2,2,2,CritBoost|IsPromoted,NoRank,NoRank,CRank,NoRank,NoRank,NoRank,NoRank,NoRank,0x88af3b8,0x880b8cb,0x880bd1c,0x880c12c,GroundAvoid,GroundDefence,GroundResistance,0x0
Pupil (3),0x2d9,0x325,0x39,0x7f,0x2e,0x0,0x7c,0x29,20,5,4,4,5,5,5,6,60,29,28,27,21,26,20,3,55,55,40,35,10,30,40,4,2,0,1,3,3,IsPromoted,NoRank,NoRank,NoRank,NoRank,NoRank,CRank,ERank,DRank,0x88af3d0,0x880ba10,0x880be61,0x880c271,GroundAvoid,GroundDefence,GroundResistance,0x0
Recruit (3),0x2da,0x332,0x3a,0x37,0x2c,0x0,0x8a,0x28,23,6,6,11,7,6,6,6,60,23,30,29,22,26,20,3,75,45,40,40,25,35,40,2,2,1,1,2,1,IsPromoted|CritBoost,NoRank,CRank,NoRank,NoRank,NoRank,NoRank,NoRank,NoRank,0x88af3e4,0x880b849,0x880bc9a,0x880c0aa,GroundAvoid,GroundDefence,GroundResistance,0x0
Manakete,0x2d7,0x323,0x3b,0x1f,0x2f,0x0,0xa9,0x1f,20,0,0,2,1,1,25,3,60,20,20,20,20,20,25,3,95,40,30,20,0,10,25,0,0,0,0,0,0,UseMonsterWeapons|IsPromoted,NoRank,NoRank,NoRank,NoRank,NoRank,NoRank,NoRank,NoRank,0x88af3f0,0x880bb96,0x880bfe7,0x880c3f7,FlierAvoid,FlierDefence,FlierResistance,DragonType
Manakete (F),0x2d7,0x323,0x3c,0x20,0x30,0x0,0x8f,0x1f,12,0,0,2,2,2,5,6,60,20,20,20,20,20,20,2,95,40,30,20,0,10,25,0,0,0,0,0,0,UseMonsterWeapons,NoRank,NoRank,NoRank,NoRank,NoRank,NoRank,NoRank,NoRank,0x88af3fc,0x880bb96,0x880bfe7,0x880c3f7,FlierAvoid,FlierDefence,FlierResistance,DragonType
Journeyman (1),0x2d8,0x324,0x3d,0x0,0x2d,0x0,0x74,0x27,14,3,0,1,1,0,8,4,60,20,20,20,20,20,20,1,85,55,40,32,18,20,40,0,0,0,0,0,0,TraineeLevelCap,NoRank,NoRank,ERank,NoRank,NoRank,NoRank,NoRank,NoRank,0x88af408,0x880b8cb,0x880bd1c,0x880c12c,GroundAvoid,GroundDefence,GroundResistance,0x0
Pupil (1),0x2d9,0x325,0x3e,0x0,0x2e,0x0,0x7c,0x29,13,1,0,1,0,3,5,4,60,20,20,20,20,20,20,1,55,55,40,35,10,30,40,0,0,0,0,0,0,TraineeLevelCap,NoRank,NoRank,NoRank,NoRank,NoRank,ERank,NoRank,NoRank,0x88af420,0x880ba10,0x880be61,0x880c271,GroundAvoid,GroundDefence,GroundResistance,0x0
Fighter,FighterName,FighterDesc,0x3f,0x40,0x31,0x0,0x74,0x23,27,9,5,4,3,0,13,6,60,20,20,20,15,15,20,4,90,60,40,35,30,5,40,0,0,0,0,0,0,0x0,NoRank,NoRank,ERank,NoRank,NoRank,NoRank,NoRank,NoRank,0x88af434,0x880b8cb,0x880bd1c,0x880c12c,GroundAvoid,GroundDefence,GroundResistance,0x0
Warrior,0x2dd,0x328,0x40,0x3f,0x32,0x0,0x75,0x25,28,8,5,6,5,0,13,6,60,30,28,26,26,22,25,6,80,45,25,20,16,17,15,3,1,2,0,3,3,IsPromoted,NoRank,NoRank,CRank,ERank,NoRank,NoRank,NoRank,NoRank,0x88af44c,0x880b8cb,0x880bd1c,0x880c12c,GroundAvoid,GroundDefence,GroundResistance,0x0
Ruffian,0x2de,0x329,0x41,0x43,0x33,0x0,0x8b,0x0,24,6,4,8,2,0,11,6,60,20,20,20,15,15,20,4,80,45,30,50,25,5,40,0,0,0,0,0,0,0x0,NoRank,NoRank,ERank,NoRank,NoRank,NoRank,NoRank,NoRank,0x88af468,0x880b94d,0x880bd9e,0x880c1ae,GroundAvoid,GroundDefence,GroundResistance,0x0
Pirate,0x2ee,0x33a,0x42,0x43,0x34,0x0,0x8c,0x24,19,4,2,6,3,0,10,6,60,20,20,20,20,20,20,4,75,50,35,25,10,13,15,2,2,0,1,1,0,0x0,NoRank,NoRank,DRank,NoRank,NoRank,NoRank,NoRank,NoRank,0x88af480,0x880b98e,0x880bddf,0x880c1ef,GroundAvoid,GroundDefence,GroundResistance,0x0
Berserker,0x2df,0x32a,0x43,0x42,0x35,0x0,0x8d,0x26,24,7,6,7,6,0,13,6,60,30,29,28,23,21,25,6,75,50,35,25,10,13,15,4,1,1,1,2,2,IsPromoted|CritBoost,NoRank,NoRank,CRank,NoRank,NoRank,NoRank,NoRank,NoRank,0x88af498,0x880b90c,0x880bd5d,0x880c16d,GroundAvoid,GroundDefence,GroundResistance,0x0
Monk,0x2e4,0x32f,0x44,0x0,0x36,0x0,0x7a,0x17,18,1,1,2,1,5,6,5,60,20,20,20,20,20,20,3,50,30,35,32,8,40,45,0,0,0,0,0,0,0x0,NoRank,NoRank,NoRank,NoRank,NoRank,NoRank,ERank,NoRank,0x88af4b0,0x880ba10,0x880be61,0x880c271,GroundAvoid,GroundDefence,GroundResistance,0x0
Priest,0x2e6,0x330,0x45,0x27,0x37,0x0,0x7a,0x15,20,0,7,6,1,7,7,6,60,15,20,20,15,20,20,4,60,5,45,40,5,40,40,0,0,0,0,0,0,0x0,NoRank,NoRank,NoRank,NoRank,ERank,NoRank,NoRank,NoRank,0x88af4c4,0x880ba10,0x880be61,0x880c271,GroundAvoid,GroundDefence,GroundResistance,0x0
Bard,0x2e5,0x331,0x46,0x0,0x38,0x0,0x8b,0x0,14,1,2,7,1,0,6,5,60,10,10,30,24,26,20,2,45,45,30,60,0,13,70,0,0,0,0,0,0,CanPlay,NoRank,NoRank,NoRank,NoRank,NoRank,NoRank,NoRank,NoRank,0x0,0x880b849,0x880bc9a,0x880c0aa,GroundAvoid,GroundDefence,GroundResistance,0x0
Recruit (1),0x2da,0x332,0x47,0x0,0x2c,0x0,0x8a,0x28,13,3,0,1,0,1,6,4,60,20,20,20,20,20,20,1,75,45,40,40,25,35,40,0,0,0,0,0,0,TraineeLevelCap,NoRank,ERank,NoRank,NoRank,NoRank,NoRank,NoRank,NoRank,0x88af4d0,0x880b849,0x880bc9a,0x880c0aa,GroundAvoid,GroundDefence,GroundResistance,0x0
Pegasus Knight,0x2e7,0x333,0x48,0x49,0x39,0x0,0x86,0x10,19,4,7,9,1,6,7,8,60,20,20,20,15,15,20,4,65,30,45,55,25,35,40,0,0,0,0,0,0,MountedAid|HasCanto|PegIcon,NoRank,ERank,NoRank,NoRank,NoRank,NoRank,NoRank,NoRank,0x88af4dc,0x880bb96,0x880bfe7,0x880c3f7,FlierAvoid,FlierDefence,FlierResistance,FlierType
Falcon Knight,0x2e8,0x334,0x49,0x48,0x3a,0x0,0x87,0x11,20,6,7,7,5,4,6,8,60,30,30,30,25,30,25,6,60,30,30,30,12,30,30,5,2,0,2,2,2,MountedAid|HasCanto|PegIcon|IsPromoted,ERank,CRank,NoRank,NoRank,NoRank,NoRank,NoRank,NoRank,0x88af4e8,0x880bb96,0x880bfe7,0x880c3f7,FlierAvoid,FlierDefence,FlierResistance,FlierType
Cleric,0x2e9,0x335,0x4a,0x2c,0x3b,0x0,0x7a,0x16,16,1,2,2,0,6,4,5,60,15,20,20,15,30,20,4,50,30,35,32,8,50,45,0,0,0,0,0,0,0x0,NoRank,NoRank,NoRank,NoRank,DRank,NoRank,NoRank,NoRank,0x88af4f8,0x880ba10,0x880be61,0x880c271,GroundAvoid,GroundDefence,GroundResistance,0x0
Troubadour,0x2ea,0x336,0x4b,0x4c,0x3c,0x0,0x82,0x19,18,0,6,8,0,3,6,8,60,15,20,20,15,20,20,4,50,5,30,60,10,20,40,0,0,0,0,0,0,MountedAid|HasCanto|HorseIcon,NoRank,NoRank,NoRank,NoRank,ERank,NoRank,NoRank,NoRank,0x88af504,0x880ba92,0x880bee3,0x880c2f3,GroundAvoid,GroundDefence,GroundResistance,HorseType
Valkyrie,0x2eb,0x337,0x4c,0x4b,0x3d,0x0,0x83,0x1a,19,4,3,5,4,8,6,7,60,25,24,25,24,28,25,3,45,35,25,45,10,40,40,3,2,1,0,2,3,MountedAid|HasCanto|HorseIcon|IsPromoted,NoRank,NoRank,NoRank,NoRank,DRank,NoRank,DRank,NoRank,0x88af510,0x880bad3,0x880bf24,0x880c334,GroundAvoid,GroundDefence,GroundResistance,HorseType
Dancer,0x2ec,0x338,0x4d,0x0,0x3e,0x0,0x8b,0x2a,20,1,9,9,1,0,7,7,60,10,10,30,10,15,20,4,45,10,60,60,10,20,40,0,0,0,0,0,0,CanDance,NoRank,NoRank,NoRank,NoRank,NoRank,NoRank,NoRank,NoRank,0x88af528,0x880b849,0x880bc9a,0x880c0aa,GroundAvoid,GroundDefence,GroundResistance,0x0
Soldier,0x2ed,0x339,0x4e,0x0,0x3f,0x0,0x8a,0x0,22,5,8,7,4,0,9,6,60,20,20,20,15,15,20,4,75,40,55,50,35,10,40,0,0,0,0,0,0,0x0,NoRank,ERank,NoRank,NoRank,NoRank,NoRank,NoRank,NoRank,0x88af53c,0x880b849,0x880bc9a,0x880c0aa,GroundAvoid,GroundDefence,GroundResistance,0x0
Necromancer,0x2ef,0x33b,0x4f,0x2d,0x40,0x0,0x7f,0x2b,18,9,4,5,3,8,7,6,80,30,25,25,30,30,25,3,45,55,30,25,10,35,20,0,0,0,0,0,0,IsPromoted|Summoning,NoRank,NoRank,NoRank,NoRank,SRank,NoRank,NoRank,SRank,0x88af548,0x880ba10,0x880be61,0x880c271,GroundAvoid,GroundDefence,GroundResistance,0x0
Fleet,0x2f0,0x33c,0x50,0x0,0x41,0x0,0x92,0x0,19,1,1,2,5,0,25,3,60,20,20,20,30,20,25,3,75,35,40,32,15,15,15,0,0,0,0,0,0,0x0,NoRank,NoRank,NoRank,CRank,NoRank,NoRank,NoRank,NoRank,0x0,0x880b98e,0x880bddf,0x880c1ef,GroundAvoid,GroundDefence,GroundResistance,0x0
Phantom,0x2f1,0x33d,0x51,0x0,0x42,0x0,0x98,0x1e,1,5,2,4,0,0,11,5,1,20,20,20,0,0,20,0,0,55,35,45,15,15,50,0,0,0,0,0,0,0x0,NoRank,NoRank,CRank,NoRank,NoRank,NoRank,NoRank,NoRank,0x0,0x880bb96,0x880bfe7,0x880c3f7,FlierAvoid,FlierDefence,FlierResistance,0x0
Revenant,0x2f2,0x33e,0x52,0x53,0x43,0x0,0x99,0x0,25,2,0,0,0,0,6,4,60,20,20,20,20,20,20,3,95,50,30,20,10,13,10,0,0,0,0,0,0,UseMonsterWeapons,NoRank,NoRank,NoRank,NoRank,NoRank,NoRank,NoRank,NoRank,0x88af560,0x880b849,0x880bc9a,0x880c0aa,GroundAvoid,GroundDefence,GroundResistance,MonsterType
Entombed,0x2f3,0x33f,0x53,0x52,0x44,0x0,0x9a,0x0,35,3,0,1,0,0,6,5,80,25,22,21,24,22,25,1,85,40,25,17,10,13,50,0,0,0,0,0,0,UseMonsterWeapons|IsPromoted,NoRank,NoRank,NoRank,NoRank,NoRank,NoRank,NoRank,NoRank,0x88af56c,0x880b849,0x880bc9a,0x880c0aa,GroundAvoid,GroundDefence,GroundResistance,MonsterType
Freelancer,0x2f4,0x340,0x54,0x56,0x45,0x0,0x9b,0x0,26,8,5,5,5,0,12,6,60,20,20,20,15,15,20,4,85,55,40,35,35,5,40,0,0,0,0,0,0,0x0,NoRank,ERank,NoRank,NoRank,NoRank,NoRank,NoRank,NoRank,0x88af578,0x880b849,0x880bc9a,0x880c0aa,GroundAvoid,GroundDefence,GroundResistance,0x0
Freelancer (F),0x2f4,0x340,0x55,0x57,0x46,0x0,0x9b,0x0,18,4,3,2,3,0,6,5,60,20,20,20,20,20,20,4,70,35,40,32,15,15,10,0,0,0,0,0,0,0x0,NoRank,NoRank,NoRank,CRank,NoRank,NoRank,NoRank,NoRank,0x88af588,0x880b849,0x880bc9a,0x880c0aa,GroundAvoid,GroundDefence,GroundResistance,MonsterType
Champion,0x2f5,0x341,0x56,0x54,0x47,0x0,0x9c,0x0,21,7,5,6,5,2,9,6,60,24,28,26,22,23,25,6,65,25,25,20,15,22,10,0,0,0,0,0,0,SwordmasterUnlock|IsPromoted,ARank,ARank,NoRank,NoRank,NoRank,NoRank,NoRank,NoRank,0x88af594,0x880b849,0x880bc9a,0x880c0aa,GroundAvoid,GroundDefence,GroundResistance,MonsterType
Champion (F),0x2f5,0x341,0x57,0x55,0x48,0x0,0x9c,0x0,21,6,6,5,5,2,8,6,60,25,30,28,25,23,20,6,65,30,30,20,15,20,10,0,0,0,0,0,0,IsPromoted,NoRank,NoRank,NoRank,ARank,NoRank,NoRank,NoRank,NoRank,0x88af5a4,0x880b849,0x880bc9a,0x880c0aa,GroundAvoid,GroundDefence,GroundResistance,MonsterType
Soldier (F),0x2f6,0x342,0x58,0x59,0x49,0x0,0x9d,0x0,22,5,8,7,4,0,9,6,60,20,20,20,15,15,20,4,75,40,55,50,35,10,40,0,0,0,0,0,0,0x0,NoRank,ERank,NoRank,NoRank,NoRank,NoRank,NoRank,NoRank,0x88af53c,0x880b849,0x880bc9a,0x880c0aa,GroundAvoid,GroundDefence,GroundResistance,0x0
Elder Bael,0x2f7,0x343,0x59,0x58,0x4a,0x0,0x9e,0x0,36,8,5,5,9,4,15,6,80,30,28,26,26,22,25,3,85,45,25,20,21,17,10,0,0,0,0,0,0,UseMonsterWeapons|IsPromoted,NoRank,NoRank,NoRank,NoRank,NoRank,NoRank,NoRank,NoRank,0x88af5bc,0x880b94d,0x880bd9e,0x880c1ae,GroundAvoid,GroundDefence,GroundResistance,MonsterType
Cyclops,0x2f8,0x344,0x5a,0x9,0x4b,0x0,0x9f,0x0,40,8,5,6,13,0,16,5,80,29,29,28,30,25,25,3,95,30,35,25,24,25,10,0,0,0,0,0,0,IsPromoted,NoRank,NoRank,ARank,NoRank,NoRank,NoRank,NoRank,NoRank,0x88af5c8,0x880b8cb,0x880bd1c,0x880c12c,GroundAvoid,GroundDefence,GroundResistance,MonsterType
Mauthe Doog,0x2f9,0x345,0x5b,0x5c,0x4c,0x0,0xa0,0x0,16,4,10,10,2,0,6,7,60,20,20,20,20,20,20,3,70,35,45,45,15,20,30,0,0,0,0,0,0,UseMonsterWeapons,NoRank,NoRank,NoRank,NoRank,NoRank,NoRank,NoRank,NoRank,0x88af5e0,0x880bb14,0x880bf65,0x880c375,GroundAvoid,GroundDefence,GroundResistance,MonsterType
Gwyllgi,0x2fa,0x346,0x5c,0x5b,0x4d,0x0,0xa1,0x0,21,6,12,12,5,2,8,8,60,24,29,30,22,23,20,3,65,28,35,35,16,22,25,0,0,0,0,0,0,UseMonsterWeapons|IsPromoted,NoRank,NoRank,NoRank,NoRank,NoRank,NoRank,NoRank,NoRank,0x88af5ec,0x880bb55,0x880bfa6,0x880c3b6,GroundAvoid,GroundDefence,GroundResistance,MonsterType
Tarvos,0x2fb,0x347,0x5d,0x5e,0x4e,0x0,0xa2,0x0,21,6,2,5,7,0,10,7,60,20,20,20,20,20,20,3,80,35,40,28,15,15,10,0,0,0,0,0,0,0x0,NoRank,NoRank,CRank,NoRank,NoRank,NoRank,NoRank,NoRank,0x88af5f8,0x880bb14,0x880bf65,0x880c375,GroundAvoid,GroundDefence,GroundResistance,MonsterType
Maelduin,0x2fc,0x348,0x5e,0x5d,0x4f,0x0,0xa3,0x0,25,8,4,7,9,3,12,8,80,25,26,24,25,25,25,3,75,30,30,18,13,20,10,0,0,0,0,0,0,IsPromoted,NoRank,NoRank,ARank,ARank,NoRank,NoRank,NoRank,NoRank,0x88af610,0x880bb55,0x880bfa6,0x880c3b6,GroundAvoid,GroundDefence,GroundResistance,MonsterType
Mogall,0x2fd,0x349,0x5f,0x60,0x50,0x0,0xa4,0x0,15,2,1,2,2,4,4,5,60,20,20,20,20,20,20,3,50,45,32,30,10,28,30,0,0,0,0,0,0,UseMonsterWeapons,NoRank,NoRank,NoRank,NoRank,NoRank,NoRank,NoRank,CRank,0x88af62c,0x880bb96,0x880bfe7,0x880c3f7,FlierAvoid,FlierDefence,FlierResistance,MonsterType
Arch Mogall,0x2fe,0x34a,0x60,0x5f,0x51,0x0,0xa5,0x0,17,6,3,3,3,7,5,6,60,29,26,26,20,29,20,3,45,55,30,25,10,28,20,0,0,0,0,0,0,UseMonsterWeapons|IsPromoted,NoRank,NoRank,NoRank,NoRank,NoRank,NoRank,NoRank,ARank,0x88af640,0x880bb96,0x880bfe7,0x880c3f7,FlierAvoid,FlierDefence,FlierResistance,MonsterType
Gorgon,0x2ff,0x34b,0x61,0x5f,0x52,0x0,0xa6,0x0,19,8,3,4,5,7,11,6,60,29,26,26,21,28,25,3,45,60,30,25,10,40,30,0,0,0,0,0,0,UseMonsterWeapons|IsPromoted,NoRank,NoRank,NoRank,NoRank,NoRank,NoRank,NoRank,ARank,0x88af654,0x880ba10,0x880be61,0x880c271,GroundAvoid,GroundDefence,GroundResistance,MonsterType
Gorgon Egg,0x300,0x34c,0x62,0x0,0x53,0x0,0xa6,0x0,50,0,0,0,10,10,6,0,60,30,30,30,30,30,30,3,100,0,0,0,0,0,0,0,0,0,0,0,0,0x0,NoRank,NoRank,NoRank,NoRank,NoRank,NoRank,NoRank,NoRank,0x0,0x0,0x0,0x0,GroundAvoid,GroundDefence,GroundResistance,MonsterType
Gargoyle,0x301,0x34d,0x63,0x64,0x54,0x0,0xa7,0x0,19,6,3,6,6,0,8,6,60,20,20,20,20,20,20,3,80,45,35,35,25,15,10,0,0,0,0,0,0,0x0,NoRank,CRank,NoRank,NoRank,NoRank,NoRank,NoRank,NoRank,0x88af668,0x880bb96,0x880bfe7,0x880c3f7,FlierAvoid,FlierDefence,FlierResistance,MonsterType
Deathgoyle,0x302,0x34e,0x64,0x63,0x55,0x0,0xa8,0x0,23,8,5,8,9,1,11,7,60,27,25,23,28,22,25,3,75,40,30,25,20,17,10,0,0,0,0,0,0,IsPromoted,NoRank,ARank,NoRank,NoRank,NoRank,NoRank,NoRank,NoRank,0x88af674,0x880bb96,0x880bfe7,0x880c3f7,FlierAvoid,FlierDefence,FlierResistance,MonsterType
Dracozombie,0x303,0x34f,0x65,0x1f,0x56,0x0,0xa9,0x0,53,1,0,1,0,3,25,5,100,50,50,50,50,50,25,3,85,35,20,20,30,10,25,0,0,0,0,0,0,UseMonsterWeapons|IsPromoted,NoRank,NoRank,NoRank,NoRank,NoRank,NoRank,NoRank,NoRank,0x88af680,0x880bb96,0x880bfe7,0x880c3f7,FlierAvoid,FlierDefence,FlierResistance,MonsterType
Demon King,0x304,0x350,0x66,0x1f,0x57,0x0,0xaa,0x0,120,23,20,18,25,25,25,2,120,50,50,50,50,50,25,5,95,40,30,20,20,20,25,0,0,0,0,0,0,UseMonsterWeapons|IsPromoted,NoRank,NoRank,NoRank,NoRank,NoRank,NoRank,NoRank,NoRank,0x88af68c,0x880bbd7,0x880bbd7,0x880bbd7,GroundAvoid,GroundDefence,GroundResistance,MonsterType
Archer on Ballista,0x0,0x0,0x67,0x0,0x58,0x0,0x0,0x0,0,0,0,0,0,0,0,0,0,0,0,0,0,0,0,3,0,0,0,0,0,10,0,0,0,0,0,0,0,0x0,NoRank,NoRank,NoRank,NoRank,NoRank,NoRank,NoRank,NoRank,0x0,0x0,0x0,0x0,GroundAvoid,GroundDefence,GroundResistance,0x0
Archer on Iron Ballista,0x0,0x0,0x68,0x0,0x59,0x0,0x0,0x0,0,0,0,0,0,0,0,0,0,0,0,0,0,0,0,0,0,0,0,0,0,0,0,0,0,0,0,0,0,0x0,NoRank,NoRank,NoRank,NoRank,NoRank,NoRank,NoRank,NoRank,0x0,0x0,0x0,0x0,GroundAvoid,GroundDefence,GroundResistance,0x0
Archer on Killer Ballista,0x0,0x0,0x69,0x0,0x5a,0x0,0x0,0x0,0,0,0,0,0,0,0,0,0,0,0,0,0,0,0,0,0,0,0,0,0,0,0,0,0,0,0,0,0,0x0,NoRank,NoRank,NoRank,NoRank,NoRank,NoRank,NoRank,NoRank,0x0,0x0,0x0,0x0,GroundAvoid,GroundDefence,GroundResistance,0x0
Ballista,0x0,0x0,0x6a,0x0,0x5b,0x0,0x0,0x0,0,0,0,0,0,0,0,0,0,0,0,0,0,0,0,0,0,0,0,0,0,0,0,0,0,0,0,0,0,0x0,NoRank,NoRank,NoRank,NoRank,NoRank,NoRank,NoRank,NoRank,0x0,0x0,0x0,0x0,GroundAvoid,GroundDefence,GroundResistance,0x0
Iron Ballista,0x0,0x0,0x6b,0x0,0x5c,0x0,0x0,0x0,0,0,0,0,0,0,0,0,0,0,0,0,0,0,0,0,0,0,0,0,0,0,0,0,0,0,0,0,0,0x0,NoRank,NoRank,NoRank,NoRank,NoRank,NoRank,NoRank,NoRank,0x0,0x0,0x0,0x0,GroundAvoid,GroundDefence,GroundResistance,0x0
Killer Ballista,0x0,0x0,0x6c,0x0,0x5d,0x0,0x0,0x0,0,0,0,0,0,0,0,0,0,0,0,0,0,0,0,0,0,0,0,0,0,0,0,0,0,0,0,0,0,0x0,NoRank,NoRank,NoRank,NoRank,NoRank,NoRank,NoRank,NoRank,0x0,0x0,0x0,0x0,GroundAvoid,GroundDefence,GroundResistance,0x0
Civilian (Child),0x305,0x351,0x6d,0x0,0x5e,0x1,0x5e,0x0,13,1,3,3,0,0,4,5,30,10,10,10,10,10,20,4,10,5,20,20,5,0,40,0,0,0,0,0,0,0x0,NoRank,NoRank,NoRank,NoRank,NoRank,NoRank,NoRank,NoRank,0x0,0x880ba51,0x880bea2,0x880c2b2,GroundAvoid,GroundDefence,GroundResistance,0x0
Civilian (Child) (F),0x305,0x351,0x6e,0x0,0x5f,0x1,0x63,0x0,13,1,3,3,0,0,4,5,30,10,10,10,10,10,20,4,10,5,20,20,5,0,40,0,0,0,0,0,0,0x0,NoRank,NoRank,NoRank,NoRank,NoRank,NoRank,NoRank,NoRank,0x0,0x880ba51,0x880bea2,0x880c2b2,GroundAvoid,GroundDefence,GroundResistance,0x0
Civilian (Old Man),0x305,0x351,0x6f,0x0,0x60,0x1,0x59,0x0,17,1,4,3,0,1,7,5,30,10,10,10,10,10,20,4,35,10,15,15,15,0,40,0,0,0,0,0,0,0x0,NoRank,NoRank,NoRank,NoRank,NoRank,NoRank,NoRank,NoRank,0x0,0x880ba51,0x880bea2,0x880c2b2,GroundAvoid,GroundDefence,GroundResistance,0x0
Civilian (F),0x305,0x351,0x70,0x0,0x61,0x1,0x62,0x0,19,3,5,5,1,0,8,6,30,10,10,10,10,10,20,4,40,15,20,20,10,0,40,0,0,0,0,0,0,0x0,NoRank,NoRank,NoRank,NoRank,NoRank,NoRank,NoRank,NoRank,0x0,0x880ba51,0x880bea2,0x880c2b2,GroundAvoid,GroundDefence,GroundResistance,0x0
Civilian,0x305,0x351,0x71,0x0,0x60,0x1,0x5c,0x0,19,3,5,5,1,0,8,6,30,10,10,10,10,10,20,4,40,15,20,20,10,0,40,0,0,0,0,0,0,0x0,NoRank,NoRank,NoRank,NoRank,NoRank,NoRank,NoRank,NoRank,0x0,0x880ba51,0x880bea2,0x880c2b2,GroundAvoid,GroundDefence,GroundResistance,0x0
Civilian (F),0x305,0x351,0x72,0x0,0x61,0x1,0x61,0x0,19,3,5,5,1,0,8,6,30,10,10,10,10,10,20,4,40,15,20,20,10,0,40,0,0,0,0,0,0,0x0,NoRank,NoRank,NoRank,NoRank,NoRank,NoRank,NoRank,NoRank,0x0,0x880ba51,0x880bea2,0x880c2b2,GroundAvoid,GroundDefence,GroundResistance,0x0
Peer,0x0,0x0,0x73,0x0,0x62,0x1,0x1,0x0,10,0,0,0,0,0,8,5,60,20,20,20,20,20,20,1,10,0,0,0,0,10,0,0,0,0,0,0,0,0x0,NoRank,NoRank,NoRank,NoRank,NoRank,NoRank,NoRank,NoRank,0x0,0x880ba51,0x880bea2,0x880c2b2,GroundAvoid,GroundDefence,GroundResistance,0x0
Queen,0x307,0x353,0x74,0x0,0x63,0x1,0x1,0x0,10,0,0,0,0,0,5,5,60,20,20,20,20,20,20,1,10,0,0,0,0,10,0,0,0,0,0,0,0,0x0,NoRank,NoRank,NoRank,NoRank,NoRank,NoRank,NoRank,NoRank,0x0,0x880ba51,0x880bea2,0x880c2b2,GroundAvoid,GroundDefence,GroundResistance,0x0
Prince,0x0,0x0,0x75,0x0,0x64,0x1,0x1,0x0,10,0,0,0,0,0,7,5,60,20,20,20,20,20,20,1,10,0,0,0,0,10,0,0,0,0,0,0,0,0x0,NoRank,NoRank,NoRank,NoRank,NoRank,NoRank,NoRank,NoRank,0x0,0x880ba51,0x880bea2,0x880c2b2,GroundAvoid,GroundDefence,GroundResistance,0x0
Queen,0x307,0x353,0x76,0x0,0x65,0x1,0x1,0x0,10,0,0,0,0,0,6,5,60,20,20,20,20,20,20,1,10,0,0,0,0,10,0,0,0,0,0,0,0,0x0,NoRank,NoRank,NoRank,NoRank,NoRank,NoRank,NoRank,NoRank,0x0,0x880ba51,0x880bea2,0x880c2b2,GroundAvoid,GroundDefence,GroundResistance,0x0
(empty),0x0,0x0,0x77,0x0,0x66,0x0,0x0,0x0,0,0,0,0,0,0,0,0,0,0,0,0,0,0,0,0,0,0,0,0,0,0,0,0,0,0,0,0,0,0x0,NoRank,NoRank,NoRank,NoRank,NoRank,NoRank,NoRank,NoRank,0x0,0x0,0x0,0x0,GroundAvoid,GroundDefence,GroundResistance,0x0
Fallen Prince,0x0,0x0,0x78,0x0,0x67,0x1,0x1,0x0,10,0,0,0,0,0,25,5,60,20,20,20,20,20,20,1,10,0,0,0,0,10,0,0,0,0,0,0,0,0x0,NoRank,NoRank,NoRank,NoRank,NoRank,NoRank,NoRank,NoRank,0x0,0x880ba51,0x880bea2,0x880c2b2,GroundAvoid,GroundDefence,GroundResistance,0x0
Tent,0x0,0x0,0x79,0x0,0x68,0x1,0x1,0x0,15,0,3,3,3,0,25,0,60,20,20,20,20,20,25,1,10,0,0,0,0,10,0,0,0,0,0,0,0,CannotControl|IsSupply,NoRank,NoRank,NoRank,NoRank,NoRank,NoRank,NoRank,NoRank,0x0,0x880ba51,0x880bea2,0x880c2b2,GroundAvoid,GroundDefence,GroundResistance,0x0
Fighter (F),FighterName,FighterDesc,0x7a,0x0,FighterFStandID,0x0,0x74,0x0,27,9,5,4,3,0,13,6,60,20,20,20,15,15,20,4,90,60,40,35,30,5,40,0,0,0,0,0,0,0x0,NoRank,NoRank,ERank,NoRank,NoRank,NoRank,NoRank,NoRank,FighterFAnims|IsPointer,0x880b8cb,0x880bd1c,0x880c12c,GroundAvoid,GroundDefence,GroundResistance,0x0
Dead Peer,0x0,0x0,0x7b,0x0,0x6a,0x1,0x1,0x0,10,0,0,0,0,0,25,5,60,20,20,20,20,20,20,1,10,0,0,0,0,10,0,0,0,0,0,0,0,0x0,NoRank,NoRank,NoRank,NoRank,NoRank,NoRank,NoRank,NoRank,0x0,0x880ba51,0x880bea2,0x880c2b2,GroundAvoid,GroundDefence,GroundResistance,0x0
Cyclops,0x2f8,0x344,0x7c,0x9,0x4b,0x0,0x9f,0x0,40,8,5,6,13,0,16,5,80,29,29,28,30,25,25,3,95,30,35,25,24,25,10,0,0,0,0,0,0,IsPromoted,NoRank,NoRank,SRank,NoRank,NoRank,NoRank,NoRank,NoRank,0x88af6a4,0x880b8cb,0x880bd1c,0x880c12c,GroundAvoid,GroundDefence,GroundResistance,MonsterType
Elder Bael,0x2f7,0x343,0x7d,0x58,0x4a,0x0,0x9e,0x0,36,8,5,5,9,4,15,6,80,30,28,26,26,22,25,3,85,45,25,20,21,17,10,0,0,0,0,0,0,UseMonsterWeapons|IsPromoted,NoRank,NoRank,NoRank,NoRank,NoRank,NoRank,NoRank,NoRank,0x88af6bc,0x880b94d,0x880bd9e,0x880c1ae,GroundAvoid,GroundDefence,GroundResistance,MonsterType
Cavalier (S),0x2c1,0x30d,0x7e,0x38,0x2d,0x0,0x74,0x27,24,7,7,6,5,0,10,8,60,20,20,20,15,15,20,4,75,45,40,45,30,15,40,0,0,0,0,0,0,MountedAid|HasCanto|HorseIcon,ERank,NoRank,NoRank,NoRank,NoRank,NoRank,NoRank,NoRank,0x88af008,0x880ba92,0x880bee3,0x880c2f3,GroundAvoid,GroundDefence,GroundResistance,HorseType
Pupil (2),0x2d9,0x325,0x7f,0x39,0x2e,0x0,0x7c,0x29,17,2,3,3,3,3,5,5,60,20,20,20,20,20,20,3,55,55,40,35,10,30,40,2,1,1,0,2,2,0x0,NoRank,NoRank,NoRank,NoRank,NoRank,DRank,NoRank,NoRank,0x88af6e0,0x880ba10,0x880be61,0x880c271,GroundAvoid,GroundDefence,GroundResistance,0x0
